source_id,source_type,module,title,content,resolution_type
INC-001,incident_memory,Receiving,Resolved Supplier Site Mapping Failure,A receiving transaction failed because the supplier site mapping was inactive for the business unit. The issue was resolved by activating the correct supplier site mapping and reprocessing the receipt.,master_data_fix
INC-002,incident_memory,Shipping,Resolved Invalid Warehouse Code Issue,Shipment confirmation failed because the warehouse code in the transaction payload did not match an active warehouse. The fix was to correct the warehouse code and retry shipment confirmation.,configuration_fix
INC-003,incident_memory,Integration,Resolved Timeout During Downstream Posting,A transient downstream timeout caused a transaction failure. The issue was resolved with delayed retry after downstream recovery.,retry_after_backoff
INC-004,incident_memory,Receiving,Resolved Supplier Site Mapping,The transaction failed because supplier site mapping SUP-NJ was inactive for business unit BU-MW. The issue was resolved by reactivating the supplier site mapping and reprocessing the receipt.,master_data_fix
INC-005,incident_memory,Receiving,Resolved Closed Purchase Order Receipt Block,"The receipt could not be processed because purchase order PO-7811 had already moved to a closed status. The team reopened the eligible line, validated remaining quantity, and reprocessed the receipt.",status_correction
INC-006,incident_memory,Receiving,Resolved Advance Shipment Notice Dependency Issue,"The receipt failed because ASN ASN-663 had not been created for purchase order PO-8450. The source message was corrected, the ASN was loaded, and receipt processing succeeded on retry.",data_correction
INC-007,incident_memory,Receiving,Resolved Receiving Item Enablement Problem,"The receiving transaction referenced item ITEM-4401, which was not enabled for organization ORG-NA. The item organization assignment was corrected and the receipt was reprocessed.",configuration_fix
INC-008,incident_memory,Receiving,Resolved Receipt Quantity Mismatch Controls,"The transaction exceeded the configured tolerance for purchase order SUP-HOU. The supplier quantity was reviewed, the receipt quantity was corrected, and the transaction posted successfully.",data_correction
INC-009,incident_memory,Receiving,Resolved Duplicate Receipt Prevention,"A duplicate supplier message replayed ASN WH-R01, causing duplicate receipt protection to block the transaction. The duplicate event was cleared and only the valid receipt was retained.",manual_reprocess
INC-010,incident_memory,Receiving,Resolved Lot Capture Requirements in Receiving,"The item on the receipt required lot capture, but the incoming payload for LOT-C330 did not include a lot number. The supplier data was corrected and the receipt was resubmitted.",data_correction
INC-011,incident_memory,Receiving,Resolved Serial Capture Requirements in Receiving,The receipt failed because serial-controlled item SER-1003 did not include the full set of required serial numbers. The serial list was corrected and the receipt was processed.,data_correction
INC-012,incident_memory,Receiving,Resolved Receiving UOM Conversion Issue,The transaction used a supplier UOM that had no valid conversion for item ITEM-7742. The item conversion setup was added and the receipt was retried successfully.,master_data_fix
INC-013,incident_memory,Receiving,Resolved Dock Appointment and Door Availability Conflict,"The inbound load referenced appointment LOAD-611, which had already been closed in the dock schedule. Warehouse operations reopened the appointment window and completed the receipt.",workflow_correction
INC-014,incident_memory,Receiving,Resolved Receiving Quality Hold Block,"The item was placed on receiving inspection hold, so the receipt could not complete. After quality review, the hold was released and the receipt posted.",workflow_correction
INC-015,incident_memory,Receiving,Resolved Cross-Organization Receipt Mapping Gap,"The receiving transaction required a destination organization mapping for WH-R02, but the cross-org setup was incomplete. The mapping was added and the receipt was reprocessed.",configuration_fix
INC-016,incident_memory,Receiving,Resolved Supplier Compliance Holds on Receiving,The supplier tied to SUP-CHI was on an active compliance hold. The compliance team cleared the exception and the receipt was processed afterward.,workflow_correction
INC-017,incident_memory,Receiving,Resolved Over-Receipt Control,"The receipt attempted to post beyond the allowed quantity for purchase order PO-7934. The remaining quantity was reviewed, a controlled adjustment was approved, and the valid portion was posted.",status_correction
INC-018,incident_memory,Receiving,Resolved Receiving Calendar and Cutoff Issue,The transaction date fell into closed period 2026-01. Operations moved the receipt to the next open date and reprocessed it.,status_correction
INC-019,incident_memory,Receiving,Resolved Receiving Interface Staging Validation Error,The receipt message loaded into staging record MSG-993 without all mandatory supplier attributes. The staging data was corrected and manually reprocessed.,manual_reprocess
INC-020,incident_memory,Receiving,Resolved Blind Receipt Restriction Violations,"The receipt used a blind receiving flow for purchase order PO-8450, but that PO was not eligible for it. The team switched to standard receipt validation and completed the transaction.",workflow_correction
INC-021,incident_memory,Receiving,Resolved Cancelled Receipt Line Validation,The inbound receipt referenced a cancelled PO line on PO-9102. The source document was corrected to the active schedule and the receipt was reprocessed.,data_correction
INC-022,incident_memory,Shipping,Resolved Invalid Warehouse Code,Shipment confirmation failed because warehouse code WH-RET-1 did not map to an active shipping warehouse. The code was corrected and shipment confirmation succeeded.,configuration_fix
INC-023,incident_memory,Shipping,Resolved Carrier Service Setup Problem,The shipment record for SHPDOC-202 had no valid carrier service assignment. Transportation setup was corrected and the shipment was reconfirmed.,configuration_fix
INC-024,incident_memory,Shipping,Resolved Shipment Line Status Eligibility Error,The shipment failed because an order line on ORD-8101 had not reached the required shippable status. The warehouse completed the missing step and then reconfirmed shipment.,status_correction
INC-025,incident_memory,Shipping,Resolved Downstream Shipping Posting Timeouts,A transient timeout occurred while posting shipment API-LBL to a downstream system. The transaction was retried after recovery and completed successfully.,retry_after_backoff
INC-026,incident_memory,Shipping,Resolved Tracking Number Validation Issue,The carrier tracking value on shipment SHPDOC-202 did not match the expected format. The tracking number was corrected and the confirmation was retried.,data_correction
INC-027,incident_memory,Shipping,Resolved Wave Release Dependency,"The shipment tried to confirm before wave WAVE-552 was released. After warehouse release completed, the shipment confirmation processed correctly.",workflow_correction
INC-028,incident_memory,Shipping,Resolved Packing Completion Dependency,Shipment processing failed because packing details for load LOAD-855 were incomplete. Carton data was finished and the shipment was reconfirmed.,workflow_correction
INC-029,incident_memory,Shipping,Resolved Ship-To Address Validation,The order behind shipment ORD-8404 had an invalid ship-to address. Customer data was corrected and shipping confirmation succeeded afterward.,data_correction
INC-030,incident_memory,Shipping,Resolved Hazmat Shipping Documentation Block,The hazmat shipment WAVE-310 could not be confirmed because required documentation was missing. Compliance documents were attached and the shipment was processed.,workflow_correction
INC-031,incident_memory,Shipping,Resolved Export Compliance Hold on Shipment,"An export screening hold blocked shipment PO-7934. After the trade compliance review cleared the order, the shipment was reconfirmed.",workflow_correction
INC-032,incident_memory,Shipping,Resolved Closed Load Shipment Block,"The shipment referenced load LOAD-855, which had already been closed. Operations moved the shipment to an active load and completed confirmation.",status_correction
INC-033,incident_memory,Shipping,Resolved Route Sequence Validation Problem,The transportation route on load LOAD-855 did not match the configured stop sequence. The route data was corrected and the shipment was processed.,configuration_fix
INC-034,incident_memory,Shipping,Resolved Inactive Carrier Account Issue,The outbound shipment SHPDOC-303 referenced an inactive carrier account. The account was reactivated and the transaction was retried successfully.,master_data_fix
INC-035,incident_memory,Shipping,Resolved Freight Terms Validation Error,Shipment LOAD-611 carried freight terms that conflicted with the carrier contract. The order terms were corrected and confirmation succeeded.,data_correction
INC-036,incident_memory,Shipping,Resolved Container Assignment Gap,The outbound shipment SHPDOC-303 required a handling unit assignment that was missing. The load team assigned the container and reconfirmed the shipment.,workflow_correction
INC-037,incident_memory,Shipping,Resolved Short Shipment Control,The shipment could not confirm because a short-ship approval was missing for order ORD-8101. The shortage reason was approved and the shipment processed.,workflow_correction
INC-038,incident_memory,Shipping,Resolved Missed Delivery Appointment Exceptions,The load associated with PO-9102 missed its delivery appointment window. A new appointment was scheduled and the shipment was reprocessed.,status_correction
INC-039,incident_memory,Shipping,Resolved Manifest Generation Dependency,Shipment SHPDOC-303 could not complete because manifest generation failed in a dependent process. The manifest job was rerun and the shipment confirmed afterward.,manual_reprocess
INC-040,incident_memory,Inventory,Resolved Insufficient Stock Allocation,An allocation attempt failed because item ITEM-7742 did not have enough available stock. Replenishment completed and the allocation was retried successfully.,status_correction
INC-041,incident_memory,Inventory,Resolved Reservation Conflict Issue,The transaction could not proceed because item ITEM-7742 was already reserved by another demand line. The stale reservation was released and allocation succeeded.,status_correction
INC-042,incident_memory,Inventory,Resolved Lot Mismatch Validation Error,"The requested inventory transaction referenced lot LOT-A110, which did not meet the allocation criteria. The correct eligible lot was selected and the transaction posted.",data_correction
INC-043,incident_memory,Inventory,Resolved Serial Validation Error,"The inventory move used serial SER-1002, but that serial was not in an eligible status. The correct serial was selected and the transaction was reprocessed.",data_correction
INC-044,incident_memory,Inventory,Resolved Warehouse Item Assignment Gap,"The transaction referenced item ITEM-5520 in location WH-S01, but that item-location assignment did not exist. Setup was corrected and the transaction was retried.",configuration_fix
INC-045,incident_memory,Inventory,Resolved Expired Lot Movement Block,The inventory transaction attempted to use expired lot LOT-C330. The team moved to a valid lot and completed the transaction without override.,workflow_correction
INC-046,incident_memory,Inventory,Resolved Cycle Count Lock Conflict,"The requested movement hit a cycle count lock on location CNT-903. After counting completed, the transaction was retried and posted.",status_correction
INC-047,incident_memory,Inventory,Resolved Negative Inventory Prevention,"The requested issue would have driven item ITEM-7742 below zero. Inventory was reconciled first, and then the valid movement was processed.",status_correction
INC-048,incident_memory,Inventory,Resolved Cost Group Assignment Problem,The inventory transaction for item ITEM-6631 had no valid cost group assignment. Finance setup was corrected and the transaction was reprocessed.,configuration_fix
INC-049,incident_memory,Inventory,Resolved Inactive Locator Validation,The move used inactive locator LOC-C-07. Warehouse master data was updated and the transaction succeeded after retry.,master_data_fix
INC-050,incident_memory,Inventory,Resolved Inventory Ownership Mismatch,The transaction used stock from lot ITEM-6631 with the wrong ownership context. The correct ownership bucket was selected and the transaction was processed.,data_correction
INC-051,incident_memory,Inventory,Resolved Quarantine Hold Movement Block,"The inventory was still in quarantine for item ITEM-4401. After quality released the stock, the transaction was rerun successfully.",workflow_correction
INC-052,incident_memory,Inventory,Resolved Inventory UOM Conversion,The inventory transfer used a UOM without a conversion for item ITEM-6631. The conversion was added and the transaction posted.,master_data_fix
INC-053,incident_memory,Inventory,Resolved Replenishment Timing Conflict,"The allocation attempt started before replenishment completed for item ITEM-5520. After replenishment finished, the allocation succeeded on retry.",retry_after_backoff
INC-054,incident_memory,Inventory,Resolved Transfer Order Dependency Issue,"The inventory move depended on transfer order TO-1101, which was missing from the workflow. The order reference was corrected and the move was reprocessed.",data_correction
INC-055,incident_memory,Inventory,Resolved Count Variance Approval Dependency,A large count variance tied to PO-9101 required supervisor approval before posting. The approval was completed and the adjustment posted.,workflow_correction
INC-056,incident_memory,Inventory,Resolved Disabled Subinventory Validation,The movement referenced disabled subinventory SUB-C. Warehouse setup was corrected and the inventory transaction succeeded.,configuration_fix
INC-057,incident_memory,Inventory,Resolved Backdated Inventory Posting Controls,"The transaction attempted to backdate into period 2026-01, which was closed. The posting date was moved to an open period and the transaction was completed.",status_correction
INC-058,incident_memory,Labeling,Resolved Missing Printer Assignment Issue,The label request failed because site PRN-01 had no active printer assignment. The printer mapping was added and the request was reprocessed.,printer_setup_fix
INC-059,incident_memory,Labeling,Resolved Missing Label Template Problem,"The request asked for template TPL-RET, which was not available in the target environment. The template was published and the label reprint succeeded.",configuration_fix
INC-060,incident_memory,Labeling,Resolved Print Service Availability,"The label request hit an unavailable print service on printer REQ-551. After the service recovered, the request was retried successfully.",retry_after_backoff
INC-061,incident_memory,Labeling,Resolved Label Printing Permission Error,The request failed because the assigned user lacked permission to print on TPL-RET. The printer role was granted and the label printed successfully.,permission_fix
INC-062,incident_memory,Labeling,Resolved Template Version Mismatch,"The printing client used a template contract different from template TPL-CARTON. After the correct version was deployed, the request processed successfully.",configuration_fix
INC-063,incident_memory,Labeling,Resolved Required Barcode Field Validation,The label payload behind request REQ-551 omitted a mandatory barcode field. The missing data was supplied and the label was regenerated.,data_correction
INC-064,incident_memory,Labeling,Resolved Duplicate Label Print Prevention,The system blocked request SITE-DAL because it looked like a duplicate print. A valid reprint reason was entered and the label was generated.,workflow_correction
INC-065,incident_memory,Labeling,Resolved ZPL Rendering,Template TPL-CARTON contained an unsupported ZPL element for the assigned printer. The format was corrected and the label request succeeded.,configuration_fix
INC-066,incident_memory,Labeling,Resolved Network Printer Offline Error,"The target printer PRN-02 was unreachable on the network. After connectivity was restored, the label request was retried and completed.",printer_setup_fix
INC-067,incident_memory,Labeling,Resolved Site to Template Mapping Gap,Site TPL-PALLET was not mapped to the required template family. The mapping was created and label generation succeeded.,configuration_fix
INC-068,incident_memory,Labeling,Resolved Mandatory Reprint Reason Validation,"The label request REQ-774 was a reprint, but no reason code was provided. A valid reason was captured and the reprint was approved.",workflow_correction
INC-069,incident_memory,Labeling,Resolved Font Package Dependency,Template TPL-HAZ depended on a missing font package. The runtime asset bundle was restored and the label request completed.,configuration_fix
INC-070,incident_memory,Labeling,Resolved Label Queue Backlog Delay,The print queue behind printer PRN-02 exceeded safe backlog thresholds. The request was delayed and then retried successfully.,retry_after_backoff
INC-071,incident_memory,Labeling,Resolved Missing Label Image Asset Error,"The template required an image asset that was not deployed with template TPL-PALLET. After the asset was restored, the label was generated.",configuration_fix
INC-072,incident_memory,Labeling,Resolved Language Pack Availability Issue,The label request REQ-885 asked for a locale that was not loaded on the labeling service. The language pack was installed and the request succeeded.,configuration_fix
INC-073,incident_memory,Labeling,Resolved Expired Label API Token,The labeling service rejected request LBL-SVC because its API token had expired. The token was refreshed and the request was retried successfully.,integration_recovery
INC-074,incident_memory,Integration,Resolved Downstream Interface Timeout,A downstream timeout interrupted processing for message API-LBL. The integration was retried after service recovery and completed successfully.,retry_after_backoff
INC-075,incident_memory,Integration,Resolved Integration Authentication,The interface call to API-WMS failed authentication because the integration credential had expired. Credentials were rotated and the transaction was reprocessed.,integration_recovery
INC-076,incident_memory,Integration,Resolved Payload Schema Validation Error,The payload for message MSG-882 did not pass schema validation in the target interface. The source mapping was corrected and the message was replayed.,data_correction
INC-077,incident_memory,Integration,Resolved Endpoint Availability,"The target endpoint PO-7811 was not reachable when the interface ran. After connectivity returned, the message was retried successfully.",retry_after_backoff
INC-078,incident_memory,Integration,Resolved Orphaned Staging Record Problem,Processing stopped because staging record MSG-771 lost its parent linkage. The orphaned record was repaired and manually reprocessed.,manual_reprocess
INC-079,incident_memory,Integration,Resolved Duplicate Message Replay Protection,A replayed external message MSG-104 triggered duplicate protection in the integration layer. The duplicate was suppressed and the valid event remained in place.,manual_reprocess
INC-080,incident_memory,Integration,Resolved Missing Interface Acknowledgment Issue,"The outbound message MSG-104 did not receive an acknowledgment in time. After the downstream queue cleared, the message was retried and acknowledged.",retry_after_backoff
INC-081,incident_memory,Integration,Resolved Expired Integration Certificate,The secure channel to API-LBL failed because the integration certificate had expired. A new certificate was deployed and the transaction was retried.,integration_recovery
INC-082,incident_memory,Integration,Resolved API Rate Limit Exceeded Error,The external API behind API-LBL throttled requests during a burst. Backoff was applied and the message completed successfully on retry.,retry_after_backoff
INC-083,incident_memory,Integration,Resolved Transformation Mapping Gap,The interface could not transform code REASON-QTY because no target mapping existed. The mapping was added and the message was reprocessed.,configuration_fix
INC-084,incident_memory,Integration,Resolved Message Ordering Conflict,The interface processed message MSG-771 before its prerequisite event arrived. The message was resequenced and then replayed successfully.,manual_reprocess
INC-085,incident_memory,Integration,Resolved Interface Queue Backlog Delay,"The runtime queue associated with PRN-03 was heavily backlogged. After queue depth normalized, the interface transaction was retried.",retry_after_backoff
INC-086,incident_memory,Integration,Resolved Webhook Signature Validation,The callback for message API-ERP was rejected because its webhook signature was invalid. The signing secret was corrected and processing resumed.,integration_recovery
INC-087,incident_memory,Integration,Resolved Integration Batch Window Restrictions,The interface job JOB-POST-01 was triggered outside its permitted batch window. The run was rescheduled into the next valid window and processed successfully.,status_correction
INC-088,incident_memory,Integration,Resolved Reference Code Mapping Error,The interface could not post because reference code MSG-882 did not exist in the target mapping table. The code map was added and the message succeeded.,master_data_fix
INC-089,incident_memory,Integration,Resolved Payload Compression Decode Error,The inbound file FILE-AB1 could not be decoded by the integration runtime. The file was resent in the correct format and reprocessed successfully.,manual_reprocess
INC-090,incident_memory,Purchasing,Resolved Inactive Supplier Setup Problem,"The purchasing transaction referenced supplier SUP-PHX, which was inactive for the current business unit. The supplier setup was corrected and the transaction resumed.",master_data_fix
INC-091,incident_memory,Purchasing,Resolved Missing Buyer Assignment Error,The purchase order PO-8450 had no valid buyer assignment. The buyer was assigned and the workflow proceeded normally.,configuration_fix
INC-092,incident_memory,Purchasing,Resolved Purchase Approval Dependency Issue,The purchase document PO-9101 was still awaiting approval when processing attempted to continue. The approval chain completed and the transaction succeeded.,workflow_correction
INC-093,incident_memory,Purchasing,Resolved Tax Code Validation,The purchasing transaction for PO-7934 lacked a required tax code. Tax setup was corrected and the document processed successfully.,configuration_fix
INC-094,incident_memory,Purchasing,Resolved Payment Terms Mismatch Issue,Purchase order PO-9101 carried payment terms that conflicted with supplier site setup. The terms were corrected and the document resumed.,data_correction
INC-095,incident_memory,Purchasing,Resolved Currency Conversion Setup Gap,The purchase order PO-9102 used a currency without an available conversion rate for the posting date. The exchange rate was loaded and the transaction continued.,master_data_fix
INC-096,incident_memory,Purchasing,Resolved Expired Purchase Contract Block,The purchase order PO-7934 referenced an expired sourcing contract. A valid contract was selected and the purchase flow continued.,status_correction
INC-097,incident_memory,Purchasing,Resolved Supplier Documentation Compliance Gap,The supplier document set tied to SUP-NJ was incomplete. Compliance documentation was updated and the purchase transaction was released.,workflow_correction
INC-098,incident_memory,Returns,Resolved Missing Return Reason Validation,The return transaction for RMA RMA-444 lacked a mandatory return reason code. The reason was added and the return was reprocessed.,data_correction
INC-099,incident_memory,Returns,Resolved Invalid Restock Location Issue,"The RMA flow used restock location ITEM-5520, which was not valid for returns. The location mapping was corrected and the return posted.",configuration_fix
INC-100,incident_memory,Returns,Resolved Return Inspection Workflow Dependency,The return tied to RMA RMA-333 required inspection before disposition. Quality completed the inspection and the return process resumed.,workflow_correction
INC-101,incident_memory,Returns,Resolved Missing Return Disposition Error,The return record PO-7811 had no final disposition. The operations team entered the correct disposition and the transaction succeeded.,data_correction
INC-102,incident_memory,Returns,Resolved Credit Memo Dependency Issue,The return associated with RMA RMA-222 could not complete because credit memo generation failed. Accounting corrected the issue and the return was reprocessed.,manual_reprocess
INC-103,incident_memory,Returns,Resolved Return Serial Eligibility Problem,"The return referenced serial SER-1003, which did not match an eligible customer sale. The correct serial was identified and the return was reprocessed.",data_correction
INC-104,incident_memory,Returns,Resolved Expired Warranty Return Block,RMA RMA-111 was submitted outside the covered warranty window. The return remained blocked until a policy exception was approved.,workflow_correction
